publishedAt, title, description, url, source_name,  topic,  sentiment
2021-05-28, Pierre Poilievre vs Mark Carney: A heated exchange on pipelines, "At one point,  Poilievre accuses Carney of being a Davos elite", https://financialpost.com/commodities/energy/oil-gas/pierre-poilievre-vs-mark-carney-a-heated-exchange-on-pipelines, financialpost.com, Political Commentary, Neutral
2021-09-21, Mark Carney says net-zero plan to be ‘norm’ for public firms in coming years, Carney says 'a third to 40 per cent' of all global financial assets will be linked to a net-zero objective, https://financialpost.com/news/economy/mark-carney-says-net-zero-plan-to-be-norm-for-public-firms-in-coming-years, financialpost.com, National Development, Positive
2022-01-31, Ex-Central Bank Chief Mark Carney Adds Consulting Role to Job Portfolio, "Mark Carney,  the former head of the central banks of the U.K. and Canada and the U.N.’s point man on climate change and finance,  has taken on a new role advis...", https://www.wsj.com/articles/former-bank-of-england-chief-mark-carney-to-join-macro-advisory-partners-11643626230?mod=pls_whats_news_us_business_f, online.wsj.com, International Relations, Neutral
2022-10-20, "Mark Carney says fiscal discipline 'imperative' to combat global inflation,  instability", "Mark Carney says it's time to use prudent fiscal policy,  reduce deficits to fight global financial challenges. Read on.", https://financialpost.com/news/economy/mark-carney-fiscal-discipline-combat-inflation, financialpost.com, Federal Budget, Neutral
2023-02-28, "Mark Carney says governments,  boardrooms need to think harder about ‘when things go wrong’ with climate", National Newswatch: Canada's most comprehensive site for political news and views. Make it a daily habit., https://www.nationalnewswatch.com/2023/02/28/mark-carney-says-governments-boardrooms-need-to-think-harder-about-when-things-go-wrong-with-climate/, nationalnewswatch.com, Political Commentary, Negative
2023-05-01, Should Trudeau lead the Liberals against Poilievre? Mark Carney won’t say and this could be why, National Newswatch: Canada's most comprehensive site for political news and views. Make it a daily habit., https://www.nationalnewswatch.com/2023/04/30/should-trudeau-lead-the-liberals-against-poilievre-mark-carney-wont-say-and-this-could-be-why/, nationalnewswatch.com, Leadership Campaign, Neutral
2023-08-21, Mark Carney to lead Bloomberg's board amid overhaul, Michael Bloomberg has appointed a CEO to his Bloomberg empire and installed a board of directors headed by Mark Carney. Keep reading, https://financialpost.com/financial-times/mark-carney-lead-bloomberg-board-overhaul, financialpost.com, Political Commentary, Neutral
2023-09-29, Mark Carney jumpstarts Trudeau death watch, National Newswatch: Canada's most comprehensive site for political news and views. Make it a daily habit., https://www.nationalnewswatch.com/2023/09/29/mark-carney-jumpstarts-trudeau-death-watch/, nationalnewswatch.com, Leadership Campaign, Negative
2023-10-05, Fed up with career politicians? Mark Carney could be the cure for that, National Newswatch: Canada's most comprehensive site for political news and views. Make it a daily habit., https://www.nationalnewswatch.com/2023/10/05/fed-up-with-career-politicians-mark-carney-could-be-the-cure-for-that/, nationalnewswatch.com, Leadership Campaign, Positive
2023-10-07, Sabrina Maddeaux: Mark Carney is not cut out for the top job, He's just another elitist who has no idea what life is like for the average Canadian, https://nationalpost.com/opinion/mark-carney-is-not-cut-out-for-the-top-job, nationalpost.com, Political Campaign, Negative
2023-11-02, Mark Carney says he hasn’t ruled out Liberal leadership run, National Newswatch: Canada's most comprehensive site for political news and views. Make it a daily habit., https://www.nationalnewswatch.com/2023/11/02/mark-carney-says-he-hasnt-ruled-out-liberal-leadership-run/, nationalnewswatch.com, Leadership Campaign, Neutral
2024-01-17, Mark Carney sees 'massive disconnect' in green finance rhetoric, Mark Carney says there’s money to be made investing in green energy and financiers who say otherwise aren’t paying attention. Read on., https://financialpost.com/fp-finance/mark-carney-massive-disconnect-green-finance-rhetoric, financialpost.com, Political Commentary, Negative
2024-07-11, "Mark Carney would be ‘outstanding’ addition to federal politics,  Trudeau says", "OTTAWA — Prime Minister Justin Trudeau says former Bank of Canada governor Mark Carney would be an “outstanding addition” to federal politics,  and that he...", https://toronto.citynews.ca/2024/07/11/mark-carney-would-be-outstanding-addition-to-federal-politics-trudeau-says/, 680news.com, Leadership Campaign, Positive
2024-07-15, What would Mark Carney as finance minister mean for Canada's climate ambitions?, Will Mark Carney join the Liberal’s inner ranks to become finance minister is a question feeding speculation across the country’s pundit class. But what wou..., https://www.nationalobserver.com/2024/07/15/analysis/mark-carney-finance-minister-canada-climate-ambitions, nationalobserver.com, Political Commentary, Neutral
2024-07-19, "Who is Mark Carney,  and why is Justin Trudeau courting him? - National", Mark Carney is being openly courted by Prime Minister Justin Trudeau. Here's why the former Bank of Canada governor might end up a star candidate for the Libera..., https://globalnews.ca/news/10631423/who-is-mark-carney-liberals-justin-trudeau-chrystia-freeland/, globalnews.ca, Leadership Campaign, Neutral
2024-09-09, Former Bank of Canada Governor Mark Carney to join Liberal Party as special adviser: sources, "Former Bank of Canada Governor Mark Carney will be joining the Liberal Party as a special adviser,  sources tell CTV News.", https://www.ctvnews.ca/politics/article/former-bank-of-canada-governor-mark-carney-to-join-liberal-party-as-special-adviser/, cp24.com, Leadership Campaign, Neutral
2024-09-09, Mark Carney joins Liberals' economic growth task force, "Mark Carney is joining the Liberal Party of Canada to help develop the party's economic strategy. In a news release issued Monday,  the party said Carney will ch...", https://www.cbc.ca/news/politics/mark-carney-liberals-economic-task-force-1.7317833?cmp=rss, cbc.ca, Leadership Campaign, Neutral
2024-09-10, Mark Carney joins Liberals as economic advisor, "Former Bank of Canada governor Mark Carney will present his vision for the Liberals' economic policy when he meets with MPs in Nanaimo,  B.C.,  today.", https://www.nationalobserver.com/2024/09/10/news/mark-carney-liberals-economic-advisor, nationalobserver.com, Political Commentary, Neutral
2024-09-10, "Mark Carney mum on carbon-tax advice,  future in politics at Liberal retreat", Former Bank of Canada governor Mark Carney says he'll be advising the Liberal party to flip some the challenges posed by an increasingly divided and dangerous w..., https://www.cp24.com/news/2024/09/10/mark-carney-mum-on-carbon-tax-advice-future-in-politics-at-liberal-retreat/, cp24.com, Political Commentary, Neutral
2024-10-03, "Mark Carney to release book ‘The Hinge’,  a look at Canada’s ‘path forward’", "Breaking News,  Sports,  Manitoba,  Canada", https://www.winnipegfreepress.com/arts-and-life/entertainment/celebrities/2024/10/03/mark-carney-to-release-book-the-hinge-a-look-at-canadas-path-forward, winnipegfreepress.com, National Development, Neutral
2024-10-22, Mark Carney says he’s ‘taking steps’ for possible electoral run - National, Mark Carney signalled he's considering a future electoral run while also taking shots at Conservative Leader Pierre Poilievre in a recent interview., https://globalnews.ca/news/10824065/mark-carney-electoral-run/, globalnews.ca, Leadership Campaign, Neutral
2024-12-19, Raymond J. de Souza: Mark Carney for Conservative finance minister, Good players can play for different teams — especially when a coaching change is coming, https://nationalpost.com/opinion/raymond-j-de-souza-mark-carney-for-conservative-finance-minister, nationalpost.com, Political Commentary, Neutral
2025-01-08, Mark Carney would struggle to distance himself from the Trudeau era, "Mark Carney,  the former governor of the Bank of Canada and Bank of England,  is still deciding whether he wants the Liberal crown. But if Liberals have any hope ...", https://www.nationalobserver.com/2025/01/08/analysis/liberal-leadership-mark-carney-distance-trudeau-era, nationalobserver.com, Leadership Campaign, Neutral
2025-01-14, Chris Selley: Mark Carney on The Daily Show — why?, "That show from 2008? On cable television,  which no one under 35 subscribes to?", https://nationalpost.com/opinion/chris-selley-mark-carney-daily-show, nationalpost.com, Political Commentary, Negative
2025-01-15, Mark Carney to launch bid for the Liberal leadership in Edmonton on Thursday, "Mark Carney will launch his candidacy for the Liberal Party leadership at an event in Edmonton on Thursday,  according to a notice from Calgary Skyview MP George...", https://www.cbc.ca/news/politics/mark-carney-launch-liberal-edmonton-1.7431603?cmp=rss, cbc.ca, Leadership Campaign, Neutral
2025-01-16, Mark Carney is expected to announce his Liberal leadership bid today from Alberta, Former finance minister Chrystia Freeland and government House leader Karina Gould are also expected to enter the race in the coming days., https://www.nationalobserver.com/2025/01/16/news/mark-carney-announce-liberal-leadership-bid-alberta, nationalobserver.com, Leadership Campaign, Neutral
2025-01-16, Mark Carney launching his Liberal leadership bid from Alberta, "OTTAWA — Mark Carney is set to unveil his Liberal leadership campaign this afternoon in Edmonton,  ending nearly a decade of speculation about his political am...", https://toronto.citynews.ca/2025/01/16/mark-carney-launching-his-liberal-leadership-bid-from-alberta/, 680news.com, Leadership Campaign, Positive
2025-01-20, Liberal leadership race: Mark Carney vs. Chrystia Freeland, The two frontrunners vying to replace Justin Trudeau as Prime Minister and Liberal Party leader have officially launched their campaigns., https://toronto.citynews.ca/2025/01/20/liberal-leadership-race-carney-freeland-big-story-podcast/, 680news.com, Leadership Campaign, Neutral
2025-01-21, "Guilbeault,  other cabinet ministers back Mark Carney as next Liberal leader", "Former central banker Mark Carney picked up a handful of cabinet endorsements on Tuesday,  including from the government's most vocal climate champion,  as the Li...", https://www.cbc.ca/news/politics/guilbeault-carney-freeland-endorsements-1.7437240?cmp=rss, cbc.ca, Leadership Campaign, Positive
2025-01-22, Mark Carney gains four more key endorsements in Liberal leadership race, "On Tuesday,  Indigenous Services Minister Patty Hajdu,  Crown-Indigenous Relations and Northern Affairs Minister Gary Anandasangaree and former housing minister S...", https://www.nationalobserver.com/2025/01/22/news/mark-carney-four-endorsements-liberal-leadership-race, nationalobserver.com, Leadership Campaign, Positive
2025-01-25, Transport Minister Anita Anand endorses Mark Carney for Liberal leader, Transport Minister Anita Anand announced Saturday afternoon she’s backing Mark Carney for Liberal leader — another key endorsement as more of Prime Minister..., https://www.cbc.ca/news/politics/anand-endorses-carney-liberal-leader-1.7441756?cmp=rss, cbc.ca, Leadership Campaign, Positive
2025-02-07, Mark Carney was made for this moment, Forget about a carbon tax election. Canadians are being thrust — very much against their will — into a much more serious and sobering conversation: what if..., https://www.nationalobserver.com/2025/02/07/opinion/mark-carney-tariffs-Trump-Trudeau-election, nationalobserver.com, Political Commentary, Neutral
2025-02-13, Liberal leadership candidate Mark Carney addresses Trump,  Canada’s economy in Kelowna Carney addressed President Donald Trump's plan to make Canada the 51st state as well as his ongoing tariff threats., https://globalnews.ca/news/11016777/liberal-leadership-candidate-mark-carney-kelowna/, globalnews.ca, Leadership Campaign, Positive
2025-02-16, Michael Higgins: Mark Carney follows Trudeau's anti-Israel lead, Liberal leadership candidates Mark Carney and Frank Baylis couldn't even bring themselves to mention the hostages, https://nationalpost.com/opinion/mark-carney-follows-trudeaus-anti-israel-lead, nationalpost.com, Political Commentary, Negative
2025-02-16, Liberal leadership hopeful Mark Carney says he'd run a deficit to 'invest and grow' Canada's economy, "Liberal leadership hopeful Mark Carney confirmed Sunday that a federal government led by him would run a deficit “to invest and grow” Canada’s economy,  bu...", https://www.cbc.ca/news/politics/liberal-leadership-hopeful-mark-carney-says-he-d-run-a-deficit-to-invest-and-grow-canada-s-economy-1.7460774?cmp=rss, cbc.ca, Federal Budget, Neutral
2025-02-18, Mark Carney trouncing Liberal leadership rivals at fundraising, Former central banker Mark Carney is dominating the fundraising field in the race for the federal Liberal leadership., https://toronto.citynews.ca/2025/02/18/mark-carney-federal-liberal-leadership-fundraising/, 680news.com, Leadership Campaign, Positive
2025-02-20, Finance Minister Dominic LeBlanc endorses Mark Carney for Liberal leader, "LeBlanc’s endorsement adds to a sizeable number of Liberal MPs already behind Carney,  with more than 80 backing his candidacy so far.", https://nationalpost.com/news/politics/dominic-leblanc-endorses-mark-carney, nationalpost.com, Leadership Campaign, Positive
2025-02-24, Liberal leadership hopeful Mark Carney pledges temporary cap on immigration, Carney is also pledging to double the pace of new housing construction over a decade., https://nationalpost.com/news/canada/liberal-leadership-hopeful-mark-carney-pledges-temporary-cap-on-immigration, nationalpost.com, Leadership Campaign, Neutral
2025-02-25, Bonnie Crombie endorses Mark Carney as federal Liberal leader, "Carney currently leads in endorsements,  polling and fundraising,  and he's the subject of frequent attacks from Poilievre and his caucus.", https://toronto.citynews.ca/2025/02/25/bonnie-crombie-endorses-mark-carney-liberal-party-leader/, 680news.com, Leadership Campaign, Positive
2025-02-26, Mark Carney has answered some questions — but many more remain, It would be a true surprise now if Carney somehow did not become the 14th leader in the history of the Liberal Party of Canada on March 9. But even if Carney is..., https://www.cbc.ca/news/politics/liberal-leadership-debate-carney-gould-analysis-1.7469306?cmp=rss, cbc.ca, Leadership Campaign, Neutral
2025-03-03, Matthew Lau: Mark Carney is nothing like Paul Martin, "Carney's budgets accounting tricks,  tax plans opposite of deficit slaying former prime minister", https://nationalpost.com/opinion/matthew-lau-mark-carney-is-nothing-like-paul-martin, nationalpost.com, Political Commentary, Negative
2025-03-05, Michael Higgins: Mark Carney and the truth don't get along, The Liberal leadership frontrunner seems to think that politics is the art of the inexactitude, https://nationalpost.com/opinion/michael-higgins-mark-carney-and-the-truth-dont-get-along, nationalpost.com, Political Commentary, Negative
2025-03-09, Mark Carney set to become Canada's new prime minister after Justin Trudeau's resignation, "As Trump's trade war looms over Canada,  the ruling Liberal Party has chosen veteran economist Mark Carney to replace Justin Trudeau.", https://www.cbsnews.com/news/mark-carney-canada-prime-minister-justin-trudeaus-resignation/, cbsnews.com, Leadership Campaign, Neutral
2025-03-09, Mark Carney wins Liberal Party nomination to replace Trudeau as Canada's next PM, The Liberal Party's new leader Mark Carney is expected to call a general election for late April or early May where he will go up against Conservative leader Pi..., https://www.foxnews.com/world/mark-carney-wins-liberal-party-nomination-replace-trudeau-canadas-next-pm, foxnews.com, Leadership Campaign, Positive
2025-03-09, "Who is Mark Carney,  Canada's next prime minister?", "How Mark Carney went from his upbringing in Alberta to central banker in tough economic times,  and now leader of the Liberal Party of Canada and prime minister-...", https://www.cbc.ca/player/play/video/9.6678219, cbc.ca, Leadership Campaign, Neutral
2025-03-10, Jamie Sarkonak: Mark Carney has forever politicized the Bank of Canada, "It doesn't matter that he is no longer in the role,  the fact that he once held it is enough", https://nationalpost.com/opinion/jamie-sarkonak-mark-carney-has-forever-politicized-the-bank-of-canada, nationalpost.com, Political Commentary, Negative
2025-03-10, Mark Carney steps into an unprecedented moment, Carney is the 14th leader of the Liberal Party and he will soon become the 24th prime minister of Canada. The question now is how long he will occupy that offic..., https://www.cbc.ca/news/politics/carney-liberal-leadership-analysis-wherry-1.7479094?cmp=rss, cbc.ca, Leadership Campaign, Neutral
2025-03-10, Better French and clearer answers: Even hardcore Liberals think Mark Carney needs improvement politically, "Mark Carney be Liberal leader,  after a landslide win,  but his skills as a politician need work,  say some of his supporters.", https://nationalpost.com/news/politics/liberals-think-mark-carney-needs-improvement-politically, nationalpost.com, Leadership Campaign, Negative
2025-03-10, Mark Carney dominated the race to replace Justin Trudeau. Now what?, "In something of a political blowout,  Mark Carney was elected as leader of the Liberal Party and as the next prime minister. Here's what comes next.", https://www.cbc.ca/news/politics/mark-carney-next-prime-minister-liberal-leader-what-next-1.7479097?cmp=rss, cbc.ca, Leadership Campaign, Neutral
2025-03-10, "Mark Carney,  Canada’s next prime minister,  vows to fight Trump’s tariffs", Former central banker Mark Carney won the race to become leader of Canada’s ruling Liberal Party and will succeed Justin Trudeau as prime minister. Carney wil..., https://www.nbcnews.com/video/mark-carney-canada-s-next-prime-minister-vows-to-fight-trump-s-tariffs-233936965528, nbcnews.com, Trade Disputes, Positive
2025-03-10, Mark Carney to be next Canada PM…, "From the Guardian: Mark Carney,  the former central banker who oversaw the response to financial crises in North America and the UK,  will become the next prime m...", https://sluggerotoole.com/2025/03/10/mark-carney-to-be-next-canada-pm/, sluggerotoole.com, Trade Disputes, Positive
2025-03-10, Mark Carney elected as new Liberal leader. What’s next? - National, An early federal election call is widely expected to follow in the coming days or weeks after Mark Carney is installed as Canada's prime minister., https://globalnews.ca/news/11074213/mark-carney-liberal-party-leadership/, globalnews.ca, Leadership Campaign, Neutral
2025-03-10, Mark Carney selected next Canadian prime minister, The political novice will succeed outgoing Prime Minister Justin Trudeau, https://theweek.com/politics/mark-carney-prime-minister-canada-election, theweek.com, Leadership Campaign, Neutral
2025-03-10, "After landslide victory,  Mark Carney meets with Trudeau as transition to power begins", Prime minister-designate Mark Carney met with Prime Minister Justin Trudeau Monday as the new Liberal leader takes the reins of power after a landslide victory..., https://www.cbc.ca/news/politics/mark-carney-day-1-1.7479519?cmp=rss, cbc.ca, Political Commentary, Neutral
2025-03-10, Mark Carney becomes prime minister-designate: What’s next?, "In a landslide win,  Mark Carney became leader of the federal Liberal Party. Political scientist Jamie Gillies  talks about why he  thinks Carney won by such a m...", https://www.cbc.ca/player/play/video/9.6679232, cbc.ca, Political Commentary, Neutral
2025-03-10, Canada’s Liberal Party Elects Mark Carney as Next Prime Minister, The former central banker plans to tackle U.S. tariffs with retaliatory measures., https://foreignpolicy.com/2025/03/10/canada-mark-carney-trudeau-liberal-party-trump-tariffs-pierre-poilievre/, foreignpolicy.com, Political Commentary, Neutral
2025-03-11, Mark Carney has put assets in blind trust,  leadership campaign says - National "The campaign said as part of a ""full and robust conflict of interest management plan, "" Carney has divested all of his assets other than personal real estate int...", https://globalnews.ca/news/11076438/mark-carney-divest-assets-blind-trust/, globalnews.ca, Political Commentary, Positive
2025-03-12, Mark Carney To Be Sworn In As Canada PM Tomorrow, "Former central banker Mark Carney will be sworn in as Canada's next prime minister on Friday morning along with his cabinet,  the governor general's office annou...", https://www.ndtv.com/world-news/mark-carney-to-be-sworn-in-as-canada-pm-tomorrow-7911974, ndtv.com, International Relations, Neutral
2025-03-12, Mark Carney will become Canada's 24th prime minister on Friday, , https://www.nationalobserver.com/2025/03/12/news/mark-carney-canada-24th-prime-minister-friday, nationalobserver.com, National Development, Neutral
2025-03-13, Conservative party,  activist group ratchet up digital ads against Mark Carney - National "Like Liberal leaders before him the Conservatives are attempting to define Liberal Leader Mark Carney to voters before he has a chance to.", https://globalnews.ca/news/11080497/conservative-digital-campaign-carney/, globalnews.ca, Political Commentary, Negative
2025-03-13, Terry Glavin: Who is this Mark Carney guy anyway?, Carney is an almost cartoonishly stereotypical figure straight out of the fever dreams of American celebrity lunatic Tucker Carlson — a World Economic Forum g..., https://nationalpost.com/opinion/terry-glavin-who-is-this-mark-carney-guy-anyway, nationalpost.com, Political Commentary, Negative
2025-03-14, Prime Minister Mark Carney sworn-in as party leaders gear up for campaign, , https://www.cbc.ca/news/politics/livestory/prime-minister-mark-carney-sworn-in-as-party-leaders-gear-up-for-campaign-9.6684524?cmp=rss, cbc.ca, Leadership Campaign, Neutral
2025-03-14, Mark Carney sworn in as PM and introduces new cabinet, The new government includes 20 Trudeau-era ministers along with three new faces from the Liberal caucus., https://www.nationalobserver.com/2025/03/14/news/mark-carney-pm-cabinet, nationalobserver.com, Political Commentary, Negative
2025-03-14, Quick quotes: Reaction to Mark Carney being sworn in as prime minister, "Breaking News,  Sports,  Manitoba,  Canada", https://www.winnipegfreepress.com/canada/2025/03/14/quick-quotes-reaction-to-mark-carney-being-sworn-in-as-prime-minister, winnipegfreepress.com, Political Commentary, Neutral
2025-03-14, Prime Minister Mark Carney tries to turn the page, In the limited space of his first day as prime minister — and with an election maybe just more than a week away — Mark Carney could at least try to signal..., https://www.cbc.ca/news/politics/carney-cabinet-carbon-tax-analysis-1.7484424?cmp=rss, cbc.ca, Political Commentary, Neutral
2025-03-15, Why Mark Carney is dropping both his Irish and U.K. passports, "Monday might be the last St. Patrick's Day that Mark Carney can truly claim to be Irish,  as Canada's newly sworn-in prime minister moves to renounce both h...", https://www.cbc.ca/news/canada/dual-citizenship-prime-minister-carney-1.7481926?cmp=rss, cbc.ca, Political Commentary, Neutral
2025-03-15, "Prime Minister Mark Carney to visit France,  U.K. for first foreign trip", "Breaking News,  Sports,  Manitoba,  Canada", https://www.winnipegfreepress.com/canada/2025/03/15/prime-minister-mark-carney-to-visit-france-u-k-for-first-foreign-trip, winnipegfreepress.com, International Relations, Positive
2025-03-17, Mark Carney calls Canada 'the most European of non-European countries' while in France, Mark Carney holds Irish and British citizenship and chose to make his first trip as prime minister to France and the United Kingdom, https://nationalpost.com/news/canada/mark-carney-european-canada, nationalpost.com, Political Commentary, Negative
2025-03-18, Is Mark Carney Alberta bound? Locals say don't count on it, "With the Liberals enjoying a rare polling bump in Western Canada,  some have speculated that currently seatless Prime Minister Mark Carney.", https://nationalpost.com/news/canada/mark-carney-alberta-bound-locals-say-dont-count-on-it, nationalpost.com, Political Commentary, Negative
2025-03-19, Prime Minister Mark Carney set to host meeting with Canada’s premiers Friday, OTTAWA — Prime Minister Mark Carney is hosting a meeting with Canada’s premiers on Friday. The Prime Minister’s Office and the office of Ontario Premier D..., https://toronto.citynews.ca/2025/03/18/prime-minister-mark-carney-set-to-host-meeting-with-canadas-premiers-friday/, 680news.com, National Development, Neutral
2025-03-19, Prime Minister Mark Carney to meet with premiers on Friday, "Audrey Champoux,  Carney's lead press secretary,  says the prime minister has been clear that top priorities for his government include defending Canadians in the...", https://www.nationalobserver.com/2025/03/19/news/prime-minister-mark-carney-meet-premiers, nationalobserver.com, National Development, Neutral
2025-03-20, Prime Minister Mark Carney joins Oilers on ice for morning skate, Prime Minister Mark Carney joined the Edmonton Oilers on the ice Thursday as the NHL team prepared for a game against the Western Conference-leading Winnipeg ..., https://www.sportsnet.ca/nhl/article/prime-minister-mark-carney-joins-oilers-on-ice-for-morning-skate/, sportsnet.ca, Political Commentary, Neutral
2025-03-20, Oilers fan Mark Carney practices with team before Thursday's home game against Jets, "Prime Minister Mark Carney joined the Edmonton Oilers on the ice Thursday,  as the NHL team prepared for a game against the Western Conference-leading Winnipeg J...", https://www.cbc.ca/news/canada/edmonton/oilers-fan-mark-carney-practices-with-team-before-thursday-s-home-game-against-jets-1.7488835?cmp=rss, cbc.ca, Political Commentary, Neutral
2025-03-21, Prime Minister Mark Carney hosting a meeting with Canada’s premiers today, OTTAWA — Prime Minister Mark Carney is hosting Canada’s premiers today in Ottawa as the provinces grapple with the effects of Chinese and U.S. tariffs. The ..., https://toronto.citynews.ca/2025/03/21/prime-minister-mark-carney-hosting-a-meeting-with-canadas-premiers-today/, 680news.com, National Development, Positive
2025-03-21, Michael Taube: Heed Britain's stern warnings about Mark Carney, The British press has been far more critical of our new prime minister than our own, https://nationalpost.com/opinion/britains-stern-warnings-about-mark-carney, nationalpost.com, Political Commentary, Negative
2025-03-23, Mark Carney to kick off federal Liberal campaign from St. John's today, "The Prime Minister's Office has confirmed that after announcing the federal election today,  Mark Carney is heading to Newfoundland and Labrador.", https://www.cbc.ca/news/canada/newfoundland-labrador/carney-liberal-campaign-st-johns-1.7491017?cmp=rss, cbc.ca, Leadership Campaign, Neutral
2025-03-23, Mark Carney triggers federal election for Canada - National, "Canada's new Prime Minister Mark Carney has triggered a federal election,  with voters set to head to the polls next month.", https://globalnews.ca/news/11094267/canada-election-2025-begins/, globalnews.ca, Leadership Campaign, Neutral
2025-03-24, Canada's Mark Carney calls snap election, Voters will go to the polls on April 28 to pick a new government, https://theweek.com/politics/canada-snap-election-mark-carney, theweek.com, Political Commentary, Negative
2025-03-24, Mark Carney to run in the Ottawa riding of Nepean, "Carney will be running in a riding adjacent to his main rival,  Conservative Party Leader Pierre Poilievre,  who is seeking re-election in the Ottawa-area riding ...", https://www.nationalobserver.com/2025/03/24/news/mark-carney-ottawa-riding-nepean, nationalobserver.com, Leadership Campaign, Neutral
2025-03-28, Trump says he had ‘productive call’ with Mark Carney, "U.S. President Donald Trump says he had a ""productive call"" with Prime Minister Mark Carney Friday morning.", https://toronto.citynews.ca/2025/03/28/trump-says-he-had-productive-call-with-mark-carney/, 680news.com, Trade Disputes, Neutral
2025-03-28, Trump and new Canadian Prime Minister Mark Carney speak on phone, U.S. President Donald Trump said Friday that his first call with new Canadian Prime Minister Mark Carney was “extremely productive, https://japantoday.com/category/world/trump-and-newly-minted-canadian-prime-minister-mark-carney-share-a-phone-call, japantoday.com, International Relations, Neutral
2025-03-29, NP View: Mark Carney is a mirage, Plagiarism accusations only the latest evidence he's been oversold, https://nationalpost.com/opinion/np-view-mark-carney-is-a-mirage, nationalpost.com, Political Commentary, Negative
2025-03-29, Conrad Black: Mark Carney has poor values, Canadians cannot possibly support his plans for global climate policy, https://nationalpost.com/opinion/conrad-black-mark-carney-has-poor-values, nationalpost.com, Political Commentary, Negative
2025-04-11, McKinney hits the mark with Carney impression on ‘This Hour Has 22 Minutes’, "Mark McKinney’s impression of Canada’s new prime minister may be buttoned-up and intense,  but he said the process of portraying Mark Carney on “This Hour ...", https://toronto.citynews.ca/2025/04/11/mckinney-hits-the-mark-with-carney-impression-on-this-hour-has-22-minutes/, 680news.com, Political Commentary, Neutral
2025-04-20, Mark Carney lays out his plan for 'the biggest crisis of our lifetimes', Liberal Leader Mark Carney framed his fiscal and spending plan on Saturday in terms of a crisis. Conservative Leader Pierre Poilievre dismissed it as a 'spendin..., https://www.cbc.ca/news/politics/mark-carney-lays-out-his-plan-for-the-biggest-crisis-of-our-lifetimes-1.7514504?cmp=rss, cbc.ca, National Development, Neutral
2025-04-21, "Mark Carney,  Cutthroat Capitalist", "The prime minister sells himself as a public servant,  but his private sector past reveals his true loyalties", https://thewalrus.ca/mark-carney-cutthroat-capitalist/, thewalrus.ca, Political Commentary, Negative
2025-04-24, Catherine McKenna defends Mark Carney after details emerge about his Trump call, "While Liberal Leader Mark Carney’s opponents accuse him of being dishonest about the details of his phone call with Donald Trump,  one former Liberal cabinet m...", https://www.cbc.ca/radio/asithappens/catherine-mckenna-mark-carney-1.7518016?cmp=rss, cbc.ca, Leadership Campaign, Positive
2025-04-29, Mark Carney Leads Liberals to a Stunning Victory, The party wins a historic fourth term as fear of Trump grows, https://thewalrus.ca/mark-carney-wins/, thewalrus.ca, Leadership Campaign, Positive
2025-04-29, "Mark Carney wins Nepean riding,  entering Parliament for 1st time", "Liberal Leader Mark Carney is projected to win his Ottawa riding of Nepean in Monday's federal election,  gaining a seat in Parliament for the first time.", https://globalnews.ca/news/11153486/canada-election-mark-carney-riding-result-nepean/, globalnews.ca, Leadership Campaign, Positive
2025-04-29, "Canada: Liberals Projected Winners,  Mark Carney Retains Leadership", The CBC has called the election in Canada for the Liberal Party with Prime Minister Mark Carney expected to retain leadership., https://www.breitbart.com/politics/2025/04/28/canada-liberals-projected-winners-mark-carney-retains-leadership/, breitbart.com, Leadership Campaign, Neutral
2025-04-29, Mark Carney wins his suburban Ottawa seat in Nepean, "Prime Minister Mark Carney will represent a suburban section of west Ottawa in the House of Commons,  CBC News projects.", https://www.cbc.ca/news/canada/ottawa/canada-federal-election-2025-results-nepean-1.7516414?cmp=rss, cbc.ca, Leadership Campaign, Neutral
2025-04-29, Ontario Premier Doug Ford congratulates Mark Carney on projected Liberal win, "Ontario Premier Doug Ford is congratulating Mark Carney on his projected victory for the Liberals,  and thanked both Pierre Pollievre and Jagmeet Singh for runni...", https://globalnews.ca/news/11154899/doug-ford-congratulates-mark-carney-liberal-canada-election/, globalnews.ca, Political Commentary, Positive
2025-04-30, Mark Carney: A Leader for Turbulent Times, The new Liberal government must now move swiftly and decisively, https://opencanada.org/mark-carney-a-leader-for-turbulent-times/, opencanada.org, Leadership Campaign, Positive
2025-04-30, Mark Carney needs to depolarize our politics, "Under a more proportional system,  both parties would be incentivized to compete more aggressively in all parts of the country — and rewarded for efforts aimed...", https://www.nationalobserver.com/2025/04/30/opinion/mark-carney-politics-proportional-electoral-reform, nationalobserver.com, Political Commentary, Neutral
2025-05-06, Mark Carney isn’t here to play, "By letting his opponents expose the smallness of their politics,  Carney’s will start to look bigger by comparison.", https://www.nationalobserver.com/2025/05/06/opinion/mark-carney-isnt-here-play, nationalobserver.com, Political Commentary, Positive
2025-05-09, "Not Justin Trudeau? Prove It,  Mark Carney — On Climate", "Canadians have been fed a steady diet of climate noise — photo-ops,  grand announcements,  and lofty targets — none of which have translated into serious emis...", https://www.nationalobserver.com/2025/05/07/opinion/not-justin-trudeau-prove-it-mark-carney-climate, nationalobserver.com, Political Commentary, Negative
2025-05-09, Prime Minister Mark Carney to unveil his new cabinet on Tuesday, Prime Minister Mark Carney is set to unveil his new cabinet at a swearing-in ceremony at Rideau Hall at 10:30 a.m. ET on Tuesday., https://toronto.citynews.ca/2025/05/09/carney-cabinet-announcement/, 680news.com, National Development, Neutral
2025-05-13, Mark Carney unveils his crisis cabinet, "Standing outside Rideau Hall on Tuesday,  Mark Carney said his new cabinet — the first real cabinet of his time as prime minister — was ""purpose-built for ...", https://www.cbc.ca/news/politics/carney-cabinet-crisis-analysis-1.7534209?cmp=rss, cbc.ca, National Development, Neutral
2025-05-14, "Canadians 'weren't impressed' by second UK state visit for Trump,  Mark Carney says", Newly re-elected Liberal leader Mark Carney sat down with Sky News' Sam Washington to discuss dealing with a noisy neighbour in Donald Trump and Canada's relati..., https://news.sky.com/story/canadians-werent-impressed-by-second-uk-state-visit-for-trump-mark-carney-says-13367469, news.sky.com, International Relations, Neutral
2025-05-28, Mark Carney meets the battleground of question period, "When he formally launched his political career in January,  Carney said ""this is no time for politics as usual."" It remains to be seen how well that sense of t...", https://www.cbc.ca/news/politics/carney-question-period-analysis-1.7546380?cmp=rss, cbc.ca, Political Commentary, Neutral
2025-05-31, Can Mark Carney defeat Canadian populism?, "Is it possible that the visit of King Charles marked the end of Canada's brief populist moment? It is,  of course,  far too early to draw any such conclusion. One...", https://www.cbc.ca/news/politics/carney-populism-poilievre-trump-analysis-1.7548623?cmp=rss, cbc.ca, Political Commentary, Neutral
2025-06-01, Mark Carney names former UN envoy as chief of staff - National, Prime Minister Mark Carney has named Canada's former ambassador to the United Nations Marc-Andre Blanchard as chief of staff. Blanchard will take over from Marc..., https://globalnews.ca/news/11207641/mark-carney-chief-of-staff-former-un-ambasador/, globalnews.ca, Leadership Campaign, Neutral
2025-06-06, Are Mark Carney and David Eby best friends now?, The two government leaders may have a lot in common., https://www.straight.com/city-culture/are-mark-carney-and-david-eby-best-friends-now, straight.com, Political Commentary, Neutral
2025-06-18, Is Mark Carney turning his back on climate action?, "Mark Carney has the chance to differentiate Canada from the U.S. and demonstrate his leadership on climate. Instead,  at the G7 summit and beyond,  he seems to ha...", https://theconversation.com/is-mark-carney-turning-his-back-on-climate-action-258737, theconversation.com, National Development, Negative
2025-07-15, Mark Carney and the Illusion of Control, He built his career on mastering complexity. But politics has a way of defying being managed, https://thewalrus.ca/mark-carney-and-the-illusion-of-control/, thewalrus.ca, Political Commentary, Negative
2025-07-18, Does Mark Carney really have 574 conflicts of interest? | About That, Prime Minister Mark Carney says he followed all the rules about disclosing his financial assets — now held in a blind trust — but Pierre Poilievre and Oppos..., https://www.cbc.ca/player/play/video/9.6835597?cmp=rss, cbc.ca, Political Commentary, Negative
2025-07-23, Prime Minister Mark Carney set to visit birthplace in N.W.T., FORT SMITH — Prime Minister Mark Carney is set to stop today in the town where he was born as he travels across the Northwest Territories. Carney also spent h..., https://toronto.citynews.ca/2025/07/23/prime-minister-mark-carney-set-to-visit-birthplace-in-n-w-t/, 680news.com, Leadership Campaign, Neutral
2025-07-30, Canada's Prime Minister Mark Carney says his country will recognize a Palestinian state in September, Canada's Prime Minister Mark Carney says his country will recognize a Palestinian state in September, https://abcnews.go.com/US/wireStory/canadas-prime-minister-mark-carney-country-recognize-palestinian-124224024, abcnews.go.com, International Relations, Neutral
2025-07-30, PM Mark Carney: Canada Will Recognize Palestine, "CTV News reports: Canada plans to recognize the state of Palestine at the next session of the United Nations General Assembly in September,  Prime Minister Mark ...", https://www.joemygod.com/2025/07/pm-mark-carney-canada-will-recognize-palestine/, joemygod.com, International Relations, Neutral
2025-08-03, Prime Minister Mark Carney attends Vancouver Pride parade after meeting with premier, "Breaking News,  Sports,  Manitoba,  Canada", https://www.winnipegfreepress.com/canada/2025/08/03/prime-minister-mark-carney-attends-vancouver-pride-parade-after-meeting-with-premier, winnipegfreepress.com, Leadership Campaign, Positive
2025-08-04, Mark Carney Pictured Hugging Man In Thong At Vancouver Pride Parade, A photograph circulating online shows Mark Carney embracing a nearly naked man clad only in a pink thong and chest harness during Vancouver's Pride Parade., https://dailycaller.com/2025/08/04/canada-prime-minister-mark-carney-hugging-gay-pride-vancouver-thong/, dailycaller.com, Political Commentary, Negative
2025-08-22, PM Mark Carney to hold noon news conference, OTTAWA — Prime Minister Mark Carney will hold a news conference in Ottawa today at noon ET after meeting with his cabinet this morning. More to come, https://vancouver.citynews.ca/2025/08/22/pm-mark-carney-tariffs-update/, citynews1130.com, Leadership Campaign, Neutral
2025-09-01, "Who Is Mark Carney,  Really?", We hired the guy with the best résumé. He's now using power in ways few other prime ministers have dared, https://thewalrus.ca/who-is-mark-carney/, thewalrus.ca, Political Commentary, Neutral
2025-09-08, Prime Minister Mark Carney details tariff relief funding for Atlantic businesses, "Breaking News,  Sports,  Manitoba,  Canada", https://www.winnipegfreepress.com/business/2025/09/08/prime-minister-mark-carney-details-tariff-relief-funding-for-atlantic-businesses, winnipegfreepress.com, Federal Budget, Neutral
2025-09-10, Alberta premier expected to meet Prime Minister Mark Carney in Alberta's capital, Alberta Premier Danielle Smith is expected to reiterate her policy demands face-to-face with Prime Minister Mark Carney Wednesday while he's in Edmonton to meet..., https://www.cbc.ca/news/canada/edmonton/danielle-smith-alberta-mark-carney-edmonton-1.7629789?cmp=rss, cbc.ca, Leadership Campaign, Neutral
2025-10-03, Mark Carney-launched Net-Zero Banking Alliance votes to shut down, "Breaking News,  Sports,  Manitoba,  Canada", https://www.winnipegfreepress.com/arts-and-life/life/greenpage/2025/10/03/mark-carney-launched-net-zero-banking-alliance-votes-to-shut-down, winnipegfreepress.com, National Development, Negative
2025-10-07, How Mark Carney is complicating Canada's climate progress, "From cancelling the 'carbon tax' to pausing the EV mandate,  Mark Carney's government is making sweeping changes to Canada's environmental rules", https://thenarwhal.ca/mark-carney-climate-change-explainer/, thenarwhal.ca, National Development, Negative
2025-10-07, Canadian Prime Minister Mark Carney to meet Trump as tensions over trade war continue, President Donald Trump and Canadian Prime Minister Mark Carney are scheduled to meet at the White House on Tuesday amid the trade war between the neighboring na..., https://abcnews.go.com/Politics/canadian-prime-minister-mark-carney-meet-trump-tensions/story?id=126288331, abcnews.go.com, Trade Disputes, Neutral
2025-10-07, Watch Live: Donald Trump Meets with Canadian PM Mark Carney, "President Donald Trump meets with Canadian Prime Minister Mark Carney at the White House on Tuesday,  October 7.", https://www.breitbart.com/economy/2025/10/07/watch-live-donald-trump-meets-with-canadian-pm-mark-carney/, breitbart.com, Trade Disputes, Neutral
2025-10-17, Prime Minister Mark Carney takes in K-W Oktoberfest, Prime Minister Mark Carney made a stop in Breslau on Friday to tap a keg during the last weekend of Kitchener-Waterloo Oktoberfest events., https://www.cbc.ca/news/canada/kitchener-waterloo/prime-minister-mark-carney-kitchener-waterloo-oktoberfest-9.6942840?cmp=rss, cbc.ca, Leadership Campaign, Neutral
2025-10-21, Prime Minister Mark Carney 'super pumped' as Blue Jays return to World Series, Prime Minister Mark Carney says he's "super pumped" about the Toronto Blue Jays' dramatic comeback win over the Seattle Mariners that sent them back to ..., https://www.sportsnet.ca/mlb/article/prime-minister-mark-carney-super-pumped-as-blue-jays-return-to-world-series/, sportsnet.ca, Leadership Campaign, Neutral
2025-10-23, PM Mark Carney says Canada will double non-US exports as Canadians can't rely on US, "Canadian Prime Minister Mark Carney says he's setting a goal for the country to double its non-U.S. exports in the next decade,  saying Canada's former strengt...", https://abcnews.go.com/Business/wireStory/prime-minister-mark-carney-canada-double-us-exports-126780000, abcnews.go.com, Trade Disputes, Positive
2025-10-23, Mark Carney Declares New Budget Plan While Shading Trump Government, "While announcing his new budget plan on Wednesday,  Mark Carney subtly threw shade at Donald Trump's U.S,  government.", https://www.inquisitr.com/mark-carney-declares-new-budget-plan-while-shading-trump-government, inquisitr.com, Federal Budget, Positive
2025-10-24, Ontario quickly caves to Trump and promises to pull the offending Reagan ad that killed Canada trade talks, "Days before he called the ad fraudulent,  Trump told a group of Republican senators that he'd take out the same ad if he were Canadian.", https://fortune.com/2025/10/24/canada-tariffs-tv-ad-trump-carney-ontario-prime-minister-trade-what-happened/, Fortune, Trade Disputes, Neutral
2025-10-24, Trump's latest outburst is another reminder of how much has changed, """I think we all cling to a model of behaviour of a president,  out of comfort, "" Flavio Volpe,  president of Automotive Parts Manufacturers' Association,  said on Friday morning,  ""and I don't know what good it does us now.""", https://www.cbc.ca/news/politics/trump-ford-ad-tariffs-carney-analysis-9.6952538, CBC News, Trade Disputes, Neutral
2025-10-24, "Ontario Premier Doug Ford caves,  pulls anti-tariff ad after Trump blowback", Trump accused the provincial government of interfering with the Supreme Court's decision, https://www.wnd.com/2025/10/ontario-premier-doug-ford-caves-pulls-anti-tariff/, Wnd.com, Trade Disputes, Neutral
2025-10-24, Canada Seeks New Trade Partners in Asia After Trump's Blowup, Prime Minister Mark Carney hopes to decrease Ottawa's dependence on Washington., http://foreignpolicy.com/2025/10/24/canada-mark-carney-trade-talks-asia-trump-ronald-reagan-ontario-ad/, Foreign Policy, Trade Disputes, Positive
2025-10-24, Michael Kovrig warns of China's 'diplomatic wrapping paper' as Carney pursues deeper ties, "As Prime Minister Mark Carney aims to meet with Chinese President Xi Jinping amid a U.S. trade war,  a former Canadian diplomat who spent more than a thousand days imprisoned in China is warning Ottawa to remember the threat China poses to Canada.", https://www.cbc.ca/news/politics/michael-kovrig-diplomat-china-carney-trade-9.6952748, CBC News, International Relations, Negative
2025-10-24, Trump's Tantrum Over Accurate Reagan Quotes Backfires: Millions Learn Reagan Opposed His Tariff Policy, "Donald Trump just cut off all trade negotiations with Canada because an Ontario ad campaign quoted Ronald Reagan accurately. The quotes are real. The context is accurate. But Trump called them "fake" and "fraudulent, " and the Reagan Foundation—the institution…", https://www.techdirt.com/2025/10/24/trumps-tantrum-over-accurate-reagan-quotes-backfires-millions-learn-reagan-opposed-his-tariff-policy/, Techdirt, Trade Disputes, Neutral
2025-10-24, Canada Caves: Ontario To Yank 'Fake' Reagan Ad After Pressure From Trump, Trump ended all trade talks with Canada on ThursdayThe liberal Canadian premier who launched a $75 million anti-tariff ad campaign in the United States featuring former President Ronald Reagan will yank the effort after pressure from President Donald Trump.On…, https://freerepublic.com/focus/f-news/4348463/posts, Freerepublic.com, Trade Disputes, Negative
2025-10-24, Ford pulls US ad campaign after Trump halts trade talks, "With emotions running high over Canada's trade standoff with the US,  Ontario Premier Doug Ford's attempt to take his anti-tariff message directly to Americans appears to have backfired.", https://www.nationalobserver.com/2025/10/24/news/ford-us-ad-campaign-trump-trade-tariffs, National Observer, Trade Disputes, Neutral
2025-10-25, "Ontario will pull ads that triggered Trump in order to restart trade talks,  Ford says", "OTTAWA — Ontario is hitting pause on its short-lived anti-tariff television ad campaign in the United States on Monday so that Canada-U.S. trade talks can resume,  Ontario Premier Doug Ford said Friday. Ford said he decided to pull the plug on the campaign aft…", https://financialpost.com/pmn/ontario-will-pull-ads-that-triggered-trump-in-order-to-restart-trade-talks-ford-says-3, Financial Post, Trade Disputes, Neutral
2025-10-25, Trump: No plans to meet Carney during trip, "United States President Donald Trump told reporters,  while boarding Air Force One for his Asia trip,  that he had no plans to meet with Canadian Prime Minister Mark Carney.""No,  I don't have any plan to...", https://biztoc.com/x/f7318c258dbb4f33, Biztoc.com, Trade Disputes, Neutral
2025-10-25, "Trump,  tariffs and the World Series: How a TV ad upended trade talks between U.S.,  Canada", The latest trade tiff between the U.S. and Canada comes as the two countries face off in a different arena: the World Series., https://www.usatoday.com/story/news/politics/2025/10/25/trump-tariff-canada-trade-world-series-ad/86878136007/, USA Today, Trade Disputes, Neutral
2025-10-25, Shadow of Trump's trade war follows Carney to Malaysia, The prime minister is due to arrive in Malaysia for the summit of southeast Asian nations — looking to advance free trade talks there after the recent scuttling of negotiations with the United States., https://www.cbc.ca/news/politics/trade-canada-trump-carney-asia-9.6953292, CBC News, Trade Disputes, Positive
2025-10-25, "A bad week for Conservatives dredges up doubts,  worries about Poilievre's future as leader", "With Mark Carney more than willing to take Conservative ideas,  what's left,  one source said,  becomes a test of leadership.", https://nationalpost.com/news/canada/a-bad-week-for-conservatives-dredges-up-doubts-worries-about-poilievres-future-as-leader, National Post, Political Commentary, Positive
2025-10-25, Carney pitching Canada as reliable trade partner for Southeast Asia, "Prime Minister Mark Carney is pitching Canada as a reliable partner for Southeast Asia,  one that's committed to rules-based trade.", https://toronto.citynews.ca/2025/10/25/carney-aims-to-sell-canada-as-reliable-partner-for-trade-in-southeast-asia/, Citynews.ca, International Relations, Positive
2025-10-25, Has business tuned out Trump's temper tantrums?, "MONTREAL — Like exhausted parents,  Canada's business community seems to be increasingly tuning out the temper tantrums coming from downstairs. On Thursday,  U.S. President Donald Trump announced he was halting trade talks with Canada over an anti-tariff ad cam…", https://financialpost.com/pmn/has-business-tuned-out-trumps-temper-tantrums-2, Financial Post, Trade Disputes, Neutral
2025-10-25, "With his 'despicable' RCMP rant,  Pierre Poilievre is cementing his Daffy Duck status", "The next test of the Bugs-Daffy dichotomy in Canada will be whether Carney can outwit Poilievre to pass his budget and remain in power. Heading up a minority government,  he'll need every tool at his disposal — maybe even the giant mallet — to rally enough vot…", https://www.nationalobserver.com/2025/10/25/opinion/pierre-poilievre-mark-carney-rcmp, National Observer, Political Commentary, Positive
2025-10-25, US-China trade tensions appear to cool before upcoming Trump-Xi meeting, U.S.-China trade tensions appear to have cooled before an upcoming meeting between President Donald Trump and Chinese leader Xi Jinping. Each side is saying that a deal is nearing between the world's two largest economies. Any agreement would be a relief to i…, https://apnews.com/article/donald-trump-asia-malaysia-china-japan-55a147dce68e6d8fa70c2b858249c7ec, Associated Press, International Relations, Neutral
2025-10-25, How a one-minute ad threw Canada-U.S. trade talks into turmoil, "Donald Trump took issue with the ad,  expressing concern that it twisted Reagan's legacy and undermined his own tariff policies", https://nationalpost.com/news/canada/how-a-one-minute-ad-threw-canada-u-s-trade-talks-into-turmoil, National Post, Trade Disputes, Neutral
2025-10-25, Trump threatens Canada with 10% extra import tax for not pulling down anti-tariffs ad sooner, By MARK SCHIEFELBEIN ABOARD AIR FORCE ONE (AP) — President Donald Trump said on Saturday that he plans to hike tariffs on imports of Canadian goods by an extra 10% because of an anti-tariff television ad aired by the province of Ontario. The ad used the words…, https://www.bostonherald.com/2025/10/25/trump-threatens-canada-with-10-extra-import-tax-for-not-pulling-down-anti-tariffs-ad-sooner/, Boston Herald, Trade Disputes, Negative
2025-10-25, Trump says he's hiking 'tariff on Canada' by 10% over Ontario government ad, "U.S. President Donald Trump has announced on social media he will be increasing "the Tariff on Canada" by 10 per cent "over and above what they are paying now"" because of an advertisement by the Ontario government.", https://www.cbc.ca/news/politics/trump-says-he-s-hiking-tariff-on-canada-by-10-over-ontario-government-ad-9.6953786, CBC News, Trade Disputes, Negative
2025-10-25, Trump announces 10% increase in tariffs on Canada, "President Donald Trump said on Saturday he was increasing tariffs on Canada by an additional 10% ""above what they're paying now, "" just two days after ending ...", https://finance.yahoo.com/news/trump-announces-10-increase-tariffs-212419153.html, Yahoo Entertainment, Trade Disputes, Negative
2025-10-25, Trump Punishes Canada Over Ad by Another 10%, "President Trump said on Saturday that he plans to hike tariffs on imports of Canadian goods by another 10% because of an anti-tariff television ad aired by the province of Ontario. Premier Doug Ford had said he would pull the ad after the weekend,  and it ran …", https://www.newser.com/story/377506/trump-punishes-canada-over-ad-by-another-10.html, Newser, Trade Disputes, Negative
2025-10-25, Trump hits Canada with an extra 10% duty because Ontario's anti-tariff ad ran during the World Series and didn't come down immediately, Trump told reporters traveling with him that he had no intention of meeting Canadian Prime Minister Mark Carney at the ASEAN summit in Malaysia., https://fortune.com/2025/10/25/trump-canada-extra-10-percent-tariff-world-series-ontario-ad/, Fortune, Trade Disputes, Negative
2025-10-25, Trump Says He'll Raise Canada Tariff by 10% After Reagan Ad, President Donald Trump said he's increasing US tariffs on Canada by 10% in response to an anti-tariff advertisement by the province of Ontario that is roiling one of the world's biggest bilateral trade relationships., https://financialpost.com/pmn/business-pmn/trump-says-hell-raise-canada-tariff-by-10-after-reagan-ad, Financial Post, Trade Disputes, Negative
2025-10-25, Trump slaps Canada with 10% tariff increase, "Trade tensions reach new heights President Donald Trump announced Saturday that he is raising tariffs on Canada by an additional 10% beyond current levels,  intensifying an already strained trade relationship over what he characterized as a misleading advertis…", https://rollingout.com/2025/10/25/trump-increases-canada-tariff-10-percent/, Rolling Out, Trade Disputes, Negative
2025-10-25, Trump threatens Canada with 10% extra import tax over anti-tariffs ad, "The ad,  which used the words of former President Ronald Reagan to criticize U.S. tariffs,  aired during a World Series game.  Trump said that Ontario's premier didn't act quickly enough to pull the ad.", https://www.npr.org/2025/10/25/g-s1-95116/trump-canada-anti-tariffs-ad-import-tax, NPR, Trade Disputes, Negative
2025-10-25, "Is Ford's ad to blame for Trump's 10-per-cent tariff hike? Please,  it's an excuse", "Ford's message may not be the right one. Saying that protectionism and Trump's tariff plan is bad is all well and good,  but the Americans the ad is talking to no longer believe that", https://www.theglobeandmail.com/business/commentary/article-doug-ford-anti-tariff-advertisement-trump-tariffs-canada/, The Globe And Mail, Trade Disputes, Neutral
2025-10-25, U of T creates emergency fund for researchers facing U.S. funding cuts, University of Toronto has created an emergency fund to support its researchers who are facing unexpected losses in funding due to cuts and policy changes at U.S. federal research agencies., https://www.cbc.ca/news/canada/toronto/university-of-toronto-research-funding-9.6953829, CBC News, National Development, Neutral
2025-10-26, Bank of Canada expected to cut rates again as trade turbulence persists, A fragile business climate and fresh trade uncertainty are predicted to outweigh worries about rising inflation, https://www.theglobeandmail.com/business/article-bank-of-canada-interest-rate-decision-october-economy-inflation-tiff/, The Globe And Mail, Trade Disputes, Neutral
2025-10-26, US and China say trade deal drawing closer as Trump and Xi prepare for meeting, "China's top trade negotiator,  Li Chenggang,  told reporters the two had reached a ""preliminary consensus, "" while Trump's treasury secretary,  Scott Bessent,  said there was ""a very successful framework.""", https://www.npr.org/2025/10/26/nx-s1-5586646/us-china-trade-deal-drawing-closer, NPR, International Relations, Neutral
2025-10-26, "Trump's outrage toward Canada 'super childish behaviour, ' says U.S. Democratic senator", Democratic Sen. Tim Kaine of Virginia says U.S. President Donald Trump's outrage toward Canada over an anti-tariff advertisement by the Ontario government is "a temper tantrum" that will blow over — but it's embarrassing for the United States., https://www.cbc.ca/news/politics/trump-tariff-canada-democratic-senator-9.6954115, CBC News, Trade Disputes, Positive
2025-10-26, "Donald Trump Got Mad at the TV,  So Now Stuff Costs More", "Last month,  Donald Trump's administration assured the US Supreme Court that the president's massive tariffs were intended to address an "unusual and extraordinary threat" and were "essential to the country's future." This weekend,  Trump announced that he was …", https://www.motherjones.com/politics/2025/10/donald-trump-world-series-canada-tariffs-reagan-carney-ford-bessent/, Mother Jones, Trade Disputes, Neutral
2025-10-26, Bessent calls anti-tariff Reagan ad 'psy-ops' and says the U.S. rescue of Argentina still counts as 'America first' because it helps an ally, "This is a kind of propaganda against U.S. citizens. It's psy-ops.""""", https://fortune.com/2025/10/26/bessent-reagan-anti-tariff-tv-ad-psyops-argentina-rescue-america-first/, Fortune, Trade Disputes, Neutral
2025-10-26, Here's the biggest news you missed this weekend, President Donald Trump and Chinese President Xi Jinping are expected to reach a deal to avert a new 100% U.S. tariff on Chinese goods., https://www.nbcnews.com/news/us-news/weekend-rundown-october-26-rcna239728, NBC News, International Relations, Neutral
2025-10-26, Residents demonstrate against Port of Montreal expansion in Contrecoeur, Dozens of residents of a town northeast of Montreal where the Port of Montreal wants to expand capacity at a container facility say the project is unnecessary and harmful., https://www.cbc.ca/news/canada/montreal/port-of-montreal-expansion-contrecoeur-opponents-9.6954397, CBC News, National Development, Neutral
2025-10-27, "Scott Bessent: Canada's Reagan ad is 'propaganda, ' part of a psy-op", "Scott Bessent said Ontario's anti-tariff ad,  featuring quotes from Ronald Reagan,  was ""propaganda"" aimed at swaying public opinion.", https://www.businessinsider.com/scott-bessent-canada-reagan-ad-propaganda-psyop-2025-10, Business Insider, Trade Disputes, Neutral
2025-10-27, Prime Minister Mark Carney says he plans to meet with Chinese leader at APEC, KUALA LUMPUR — Prime Minister Mark Carney says he plans to meet with Chinese President Xi Jinping this week. Carney says the pair will have a discussion at th..., https://toronto.citynews.ca/2025/10/27/trump-says-he-wont-be-meeting-with-carney-for-a-long-time/, 680news.com, International Relations, Neutral
2025-10-27, Trump says he won't resume Canada trade talks 'for a while', "Donald Trump said he doesn't anticipate meeting with Canadian Prime Minister Mark Carney for trade talks "for a while."" Find out more here", https://financialpost.com/news/trump-wont-resume-canada-trade-talks, Financial Post, Trade Disputes, Negative
2025-10-27, Carney: Canada ready for talks whenever US is, "Canadian Prime Minister Mark Carney remarked on Monday that his country is ""ready to sit down"" and negotiate trade whenever the United States is willing to do so too.Speaking on the sidelines of the A...", https://biztoc.com/x/d8f9cb982c2d5579, Biztoc.com, Trade Disputes, Positive
2025-10-27, Business Brief: The crisis behind the budget, "Good morning. Remember the Great Productivity Debate of 2024? Well,  just days removed from a federal budget – the first under Prime Minister Mark Carney – the debate is back. The current conversation on productivity is in focus today,  along with updates on gl…", https://biztoc.com/x/df1fbfa648029999, Biztoc.com, Federal Budget, Neutral
2025-10-27, Malaysia's Anwar calls for dialogue over coercion at East Asia summit, Malaysian Prime Minister Anwar Ibrahim has urged Asia-Pacific leaders to prioritize dialogue and cooperation over confrontation, https://abcnews.go.com/International/wireStory/malaysias-anwar-calls-dialogue-coercion-east-asia-summit-126891407, ABC News, International Relations, Neutral
2025-10-27, Trump says he won't meet with Carney 'for a long time', US President Donald Trump has ruled out a meeting with Prime Minister Mark Carney this week while the pair are both in Asia., https://www.nationalobserver.com/2025/10/27/news/trump-says-he-wont-meet-carney-long-time, National Observer, Trade Disputes, Negative
2025-10-27, "Carney tells ASEAN summit Canada respects trade rules,  as Trump threatens additional tariffs", "Prime Minister Mark Carney took a veiled shot at the Trump administration's trade policy on Sunday,  highlighting Canada's reliability and steadiness without naming the United States or calling out the president directly.", https://www.nationalobserver.com/2025/10/27/news/carney-tells-asean-summit-canada-respects-trade-rules-trump-threatens-additional, National Observer, Trade Disputes, Positive
2025-10-27, Carney says he's not spoken to Trump since trade talks scuttled — but door remains open, "Mark Carney and U.S. President Donald Trump have not spoken since trade talks were cancelled last week,  the prime minister confirmed Monday. And it doesn't appear the two will try to break the ice any time soon.", https://www.cbc.ca/news/politics/carney-trump-trade-tariffs-9.6954597, CBC News, Trade Disputes, Positive
2025-10-27, Ontario's $75M World Series Ad Brilliantly Played Trump and the Media, Ontario's anti-tariff ad presents Canada with ingenious political leverage in the ongoing negotiations with President Trump., https://www.adweek.com/brand-marketing/ontarios-75m-world-series-ad-brilliantly-played-trump-and-the-media/, Adweek, Trade Disputes, Positive
2025-10-27, China fills US void at ASEAN Summit with push for trade multilateralism, KUALA LUMPUR (Reuters) -China pressed on Monday for open trade and stronger economic ties at a regional summit in Malaysia dominated by the shadow of steep U..., https://www.yahoo.com/news/articles/china-fills-us-void-asean-134031731.html, Yahoo Entertainment, International Relations, Neutral
2025-10-27, Canada Turns to China, """With U.S. relations at a new low,  Prime Minister Mark Carney said on Monday that he will meet with China's top leader — signaling a pivot to Asia and a potential breakthrough in ties after", https://politicalwire.com/2025/10/27/canada-turns-to-china/, Politicalwire.com, International Relations, Positive
2025-10-27, Ford's anti-Trump rhetoric came up repeatedly in trade negotiations: sources, "Canadian officials may have said they  were caught off guard  last week when U.S. President Donald Trump announced he was cutting off trade negotiations with Canada over Ontario's anti-tariff advertisement,  but sources say Premier Doug Ford's bad cop behaviou…", https://www.cbc.ca/news/politics/ford-trump-talks-9.6954772, CBC News, Trade Disputes, Neutral
2025-10-27, Trump won't meet Carney 'for a while' as Canadian PM says they were close to a trade deal, """You can get unexpected twists and turns..."" Carney said. Before trade talks broke down,  he said the U.S. and Canada were close to a deal.", https://nationalpost.com/news/canada/trump-carney-wont-meet-trade-deal, National Post, Trade Disputes, Neutral
2025-10-27, Trump Starts a New Trade War Over Canada's Reagan Ad, Donald Trump is economically punishing Canada (and the American public) for daring to televise Ronald Reagan's position on tariffs.The president announced Saturday that America's northern neighbor would literally pay for Ontario's decision to air portions of …, https://newrepublic.com/post/202285/donald-trump-trade-war-canada-reagan-ad-tariffs, The New Republic, Trade Disputes, Negative
2025-10-27, Mexico's Sheinbaum says U.S. extending trade deadline for several weeks, "The U.S. is extending a deadline to reach a trade deal with Mexico for several weeks,  President Claudia Sheinbaum said. Read more here", https://financialpost.com/news/mexicos-sheinbaum-says-us-extending-trade-deadline-for-several-weeks, Financial Post, International Relations, Neutral
2025-10-27, Trump vows new tariffs on Canada over Reagan ad, The ad that offended the president has Ronald Reagan explaining why import taxes hurt the economy, https://theweek.com/politics/trump-canada-tariffs-reagan-ad, The Week Magazine, Trade Disputes, Negative
2025-10-27, "'This is not a game, ' Carney says as he signals he's ready to fight election over federal budget", "Prime Minister Mark Carney signalled at the close of the APEC summit that he'd be prepared to fight an election over the upcoming federal budget — remarks that set the stage for a parliamentary showdown over the fiscal plan, ", https://www.cbc.ca/news/politics/carney-budget-opposition-canada-election-9.6963055, CBC News, Federal Budget, Positive
2025-10-27, Champagne promises a 'generational' budget — optimistic opposition parties will see reason to support, "On the eve of presenting his first budget,  Finance Minister François-Philippe Champagne suggested the hotly anticipated document will have something for every Canadian — even the opposition parties.", https://www.cbc.ca/news/politics/champagne-budget-caraney-shoe-9.6964589, CBC News, Federal Budget, Positive
2025-10-27, Doug Ford says he's not sorry for ad that blew up trade talks, Doug Ford declined to apologize for sponsoring an anti-tariff ad that Trump used as a reason to terminate trade talks with Canada. Read more, https://financialpost.com/news/economy/doug-ford-not-sorry-ad-trade-talks-us, Financial Post, Trade Disputes, Neutral
2025-10-27, Ontario Premier Says He's Not Sorry for Ad That Blew Up Trade Talks, The leader of Ontario declined to apologize for sponsoring an anti-tariff television commercial that US President Donald Trump used as a reason to terminate high-stakes trade talks with Canada., https://financialpost.com/pmn/business-pmn/ontario-premier-says-hes-not-sorry-for-ad-that-blew-up-trade-talks, Financial Post, Trade Disputes, Neutral
2025-10-27, Dodgers manager backtracks after complaining about travel from Toronto, "Los Angeles Dodgers manager Dave Roberts made a powerful enemy out of many Toronto Blue Jays fans throughout Canada on Sunday.When asked by a reporter at Dodger Stadium who'd experienced his own travel delays from Toronto to Los Angeles,  Roberts had an intere…", https://dailyhive.com/toronto/blue-jays-dodgers-manager-travel-canada, Daily Hive, Political Commentary, Neutral
2025-10-27, What a swelling federal deficit could mean for Canada's AAA credit rating, Canada's federal deficit could go as high as $100 billion this fiscal year. Here's what that means for its AAA credit rating. Find out more., https://financialpost.com/news/economy/federal-deficit-canada-aaa-credit-rating, Financial Post, Federal Budget, Negative
2025-10-27, Canada's Doug Ford Brags About "Best Ad I Ever Ran" as Trump Fumes, "Ontario Premier Doug Ford thinks that the Ronald Reagan anti-tariff commercial that set President Trump off was "the best ad I ever ran." The TV ad featured an edited 1987 radio address from President Reagan,  in which he stated that tariffs only serve to "hur…", https://newrepublic.com/post/202308/canada-doug-ford-best-ad-ever-trump-reagan-tariffs, The New Republic, Trade Disputes, Neutral
2025-10-27, How soaring government debt could play a starring role in the next great financial crisis, "With US$37 trillion in debt and a rising deficit,  the next great financial calamity could be. But The U.S. is not alone.", https://financialpost.com/feature/how-soaring-government-debt-could-play-a-starring-role-in-the-next-great-financial-crisis, Financial Post, Federal Budget, Neutral
2025-10-27, "Ontario Premier Doug Ford defends anti-tariff ad: ""A tariff on Canada is a tax on Americans""", "President Trump has said he is not going to meet with Canadian Prime Minister Mark Carney ""for awhile"" because of an anti-tariff TV ad paid for by the Canadian province of Ontario. Doug Ford,  premier of Ontario,  joins ""The Takeout"" to discuss his decision to …", https://www.cbsnews.com/video/ontario-premier-doug-ford-defends-anti-tariff-ad/, CBS News, Trade Disputes, Neutral
2025-10-28, "'Extremely disappointed': Family of slain Kelowna,  B.C.,  woman calls for action on intimate partner violence", "The family of a woman killed in Kelowna,  B.C.,  say they are ""extremely disappointed"" in the B.C. NDP government for not supporting a federal private member's bill that aims to toughen charges and detention policies for those accused of intimate partner violen…", https://www.cbc.ca/news/canada/british-columbia/mccourt-family-disappointed-femicide-9.6955791, CBC News, National Development, Neutral
2025-10-28, Manitoba's premier doubles down on support for Ontario anti-tariff adds that roiled Trump, Manitoba Premier Wab Kinew repeated his support on Monday for the Ontario government's $75-million ad campaign targeting American audiences with an anti-tariff message that roiled U.S. President Donald Trump into pausing trade talks with Canada last week., https://www.cbc.ca/news/canada/manitoba/wab-kinew-doug-ford-donald-trump-reagan-tariff-ads-trade-9.6955864, CBC News, Trade Disputes, Neutral
2025-10-28, Carney accuses Trump of being too 'emotional' after president canceled trade negotiations over Reagan ad, Mark Carney has delivered a sharp insult to Donald Trump after trade negotiations were canceled over an ad featuring former president Ronald Reagan slamming tariffs. Trump hit Canada with an additional 10 percent tariff and terminated crucial trade talks last…, https://freerepublic.com/focus/f-news/4349063/posts, Freerepublic.com, Trade Disputes, Positive
2025-10-28, Carney mum on whether he saw Ontario's anti-tariff ad beforehand, "Prime Minister Mark Carney says the federal government is in charge of trade talks with the Trump administration,  as his office is declining to confirm whether he saw the Ontario government anti-tariff ad before it ran in the United States. Ontario Premier Do…", https://www.cbc.ca/news/politics/carney-trump-trade-tariffs-ad-9.6956269, CBC News, Trade Disputes, Neutral
2025-10-28, Premier of Ontario said the anti-tariff Reagan ad that blew up trade talks with Trump is the 'best ad that ever ran', "Doug Ford said that the Reagan ad that derailed trade talks with Trump is the ""best ad that ever ran, "" as Canada courts Asia for new trade relations.", https://www.businessinsider.com/ontario-premier-not-sorry-for-airing-anti-tariff-reagan-ad-2025-10, Business Insider, Trade Disputes, Neutral
2025-10-28, "Oversight report: Biden aides exercised presidential authority,  so autopen actions are ‘VOID’!", "Because of 'absence' of documentation that he made the decisions,  they 'do not carry the force of law'", https://www.wnd.com/2025/10/oversight-report-biden-aides-exercised-presidential-authority-so/, Wnd.com
2025-10-28, Ford refuses to apologize for anti-tariff ads that scuttled trade talks with US, "After Ontario's anti-tariff TV ad blitz scuttled trade talks,  Premier Doug Ford vowed on Monday he will ""never apologize"" for pushing back against hostile trade measures designed to poach jobs from his province.", https://www.nationalobserver.com/2025/10/28/news/ford-refuses-apologize-anti-tariff-ads-scuttled-trade-talks-us, National Observer, Trade Disputes, Neutral
2025-10-28, "Sanctions-evading Russian oil ships could pollute the Arctic,  PM's adviser says", Some of Canada's allies are praising Ottawa's work on preventing Russia from smuggling oil through concealed ships — ships that Ottawa fears could someday unleash an environmental cataclysm in the Arctic., https://www.nationalobserver.com/2025/10/28/news/sanctions-evading-russian-oil-ships-could-pollute-arctic-pms-adviser-says, National Observer, International Relations, Positive
2025-10-28, "As Trump Tariffs Canada,  Carney Turns to Asia for Trade", "Prime Minister Mark Carney,  in Kuala Lumpur,  Malaysia,  on Monday,  is under pressure to show he has a plan to move Canada away from its long-established economic dependence on the United States.", https://biztoc.com/x/68764435fe903a23, Biztoc.com, Trade Disputes, Positive
2025-10-28, Opinion: How medical cannabis can help Canada reach its new export ambitions, "Prime Minister Mark Carney has set an ambitious goal: to double Canada's non-U.S. exports within the next decade,  generating an estimated $300 billion in additional trade. To succeed,  Canada must focus on sectors that combine global demand with proven domesti…", https://biztoc.com/x/84bdbe2db642da3a, Biztoc.com, Trade Disputes, Positive
2025-10-28, Poilievre says Carney 'approved' Ontario's anti-tariff ad that Trump said ended trade talks, "Opposition Conservative Leader Pierre Poilievre said on Tuesday that Prime Minister Mark Carney ""approved"" Ontario&#39s anti-tariff ads.", https://nationalpost.com/news/politics/poilievre-says-carney-approved-ontarios-anti-tariff-ad-that-trump-said-ended-trade-talks, National Post, Trade Disputes, Negative
2025-10-28, Canada Needs a New Bestie, Trump's attacks on long-standing allies are changing the balance of global power., https://www.theatlantic.com/politics/archive/2025/10/canada-us-foreign-policy-trump/684719/, The Atlantic, International Relations, Positive
2025-10-28, FTSE 100 and Wall Street Climb to New Record Highs – Is There More Room to Grow?, "UK and US stock markets are riding strong tailwinds,  with analysts optimistic about further gains towards the end of 2025.", https://www.ibtimes.com/ftse-100-wall-street-climb-new-record-highs-there-more-room-grow-3788708, International Business Times, Political Commentary, Neutral
2025-10-30, Mark Carney needs to come clean on climate, The prime minister has been conspicuously quiet about an issue that seemed to define his politics before he entered the partisan arena. That needs to change., https://www.nationalobserver.com/2025/10/30/opinion/mark-carney-climate-policy-transparency, nationalobserver.com, National Development, Negative
2025-10-31, "Canadian PM Mark Carney apologized for anti-tariff Reagan ad,  Trump says", President Trump broke off trade talks with Canada earlier this month in protest of the commercial that spotlighted Ronald Reagan's opposition to tariffs., https://nypost.com/2025/10/31/us-news/canadian-pm-mark-carney-apologized-for-anti-tariff-reagan-ad-trump-says/, nypost.com, Trade Disputes, Neutral
2025-11-10, Carney says he will add to his 'living list' of nation-building projects on Thursday, "Prime Minister Mark Carney says his government will announce its next batch of nation-building projects on Thursday in Prince Rupert,  B.C.", https://nationalpost.com/news/politics/carney-says-he-will-add-to-his-living-list-of-nation-building-projects-on-thursday, National Post, National Development, Positive
2025-11-10, "Toronto City Hall to fly Palestine flag next week,  recognizing its independence day", The City of Toronto approved a request from a non-profit to fly the Palestine flag at City Hall on Nov. 17 for the first time., https://www.cbc.ca/news/canada/toronto/city-hall-flying-palestine-flag-9.6973885, CBC News, International Relations, Neutral
2025-11-10, Diane Francis: Joining Eurovision nothing more than a Carney vanity project, There are more important things to spend Canadian public money on than a European song and dance competition. Find out more here, https://financialpost.com/diane-francis/diane-francis-joining-eurovision-a-carney-vanity-project, Financial Post, National Development, Negative
2025-11-10, "Governor General hospitalized with virus,  will not attend Remembrance Day ceremony", A statement sent by Rideau Hall said that Simon is 'doing well' and is currently recovering in the hospital, https://nationalpost.com/news/governor-general-hospitalized-with-virus-will-not-attend-remembrance-day, National Post, Leadership Campaign, Neutral
2025-11-11, "Kent State vs. Akron prediction: MACtion odds,  picks,  best bet", Kent State is a 6.5-point underdog against Akron on Tuesday night., https://nypost.com/2025/11/11/betting/kent-state-vs-akron-prediction-maction-odds-picks-and-best-bet/, New York Post, Political Commentary, Neutral
